{
  "parent": "item/generated",
  "textures": {
    "layer0": "bruhcringesmp:item/selfiestick"
  },
  "display": {
    "thirdperson_righthand": {
      "rotation": [ 0, 90, 35 ],
      "translation": [ 0, 6.0, 0.5 ],
      "scale": [ 0.85, 0.85, 0.85 ]
    },
    "thirdperson_lefthand": {
      "rotation": [ 0, -90, -35 ],
      "translation": [ 0, 6.0, 0.5 ],
      "scale": [ 0.85, 0.85, 0.85 ]
    },
    "firstperson_righthand": {
      "rotation": [ 0, 90, 65 ],
      "translation": [ 1.3, 3.2, 1.3 ],
      "scale": [ 0.68, 0.68, 0.68 ]
    },
    "firstperson_lefthand": {
      "rotation": [ 0, -90, -65 ],
      "translation": [ 1.3, 3.2, 1.3 ],
      "scale": [ 0.68, 0.68, 0.68 ]
    },
    "gui": {
      "rotation": [ 0, 0, 0 ],
      "translation": [ 0, 0, 0 ],
      "scale": [ 1, 1, 1 ]
    },
    "ground": {
      "rotation": [ 0, 0, 0 ],
      "translation": [ 0, 2, 0 ],
      "scale": [ 0.5, 0.5, 0.5 ]
    },
    "head": {
      "rotation": [ 0, 180, 0 ],
      "translation": [ 0, 13, 7 ],
      "scale": [ 1, 1, 1 ]
    },
    "fixed": {
      "rotation": [ 0, 180, 0 ],
      "translation": [ 0, 0, 0 ],
      "scale": [ 1, 1, 1 ]
    }
  }
}
